name,theme
Axiom Labs,mathematical
Beacon AI,guidance
Cerberus Systems,security
Delta Dynamics,change
Enigma Institute,mystery
Frontier Labs,exploration
Genesis AI,creation
Horizon Computing,future
Infinitas Research,limitless
Janus Technologies,duality
Kaleidoscope Labs,complexity
Luminous AI,intelligence
Meridian Systems,navigation
Nexus Computing,connection
Oracle Dynamics,prediction
Phoenix Labs,rebirth
Quantum Leap,advancement
Resonance AI,harmony
Synthesis Corp,combination
Threshold Labs,breakthrough
Umbra Research,shadow
Vertex Systems,peak
Wavelength AI,frequency
Xenith Computing,pinnacle
Zenith Dynamics,highest
Apex Intelligence,summit
Catalyst Labs,acceleration
Entropy Systems,chaos
Helix Research,spiral
Matrix Dynamics,foundation
Prism Computing,refraction
Synergy Labs,cooperation
Vector AI,direction
Epsilon Research,precision
Neural Nexus,connection
Quantum Quill,writing
Starlight Systems,illumination
Tempest Labs,storm
Unity Computing,harmony
Vortex Dynamics,spiral
Wildcard AI,unpredictable
Zephyr Labs,wind
Azure Intelligence,sky
Binary Beacon,signal
Crimson Computing,passion
Diamond Labs,clarity
Emerald AI,nature
Fusion Dynamics,combination
Golden Gate Labs,bridge
Ivory Tower Research,academic
Silver Stream AI,flow
Titan Technologies,strength
Midnight Labs,mystery
Dawn Computing,beginning
Twilight AI,transition
Storm Systems,power
Rain Research,renewal
Thunder Labs,energy
Lightning Dynamics,speed
Frost AI,precision
Ember Computing,warmth
Glacier Labs,endurance
Desert Dynamics,survival
Ocean AI,depth
Mountain Research,stability
Forest Labs,growth
River Computing,flow
Cloud Dynamics,flexibility
Star AI,guidance
Moon Labs,cycles
Sun Research,energy
Cosmos Computing,universe
Galaxy Dynamics,expansion
Nebula AI,formation
Asteroid Labs,fragments
Comet Research,trajectory
Planet Computing,stability
Orbit Dynamics,revolution
Pulsar AI,timing
Quasar Labs,energy
Supernova Research,transformation
Blackhole Computing,mystery
Wormhole Dynamics,connection
Quantum Fields,foundation
Neural Networks,learning
Deep Learning Labs,intelligence
Machine Vision,perception
Natural Language,communication
Robotics Research,automation
Cognitive Computing,thinking
Artificial Minds,consciousness
Digital Dreams,imagination
Virtual Worlds,creation
Augmented Reality,enhancement
Mixed Media Labs,fusion
Interactive Systems,engagement
Responsive AI,adaptation
Adaptive Computing,evolution
Evolutionary Labs,progression
Genetic Algorithms,inheritance
Swarm Intelligence,collective
Distributed Systems,network
Parallel Processing,speed
Concurrent Labs,simultaneity
